<?xml version="1.0" encoding="UTF-8"?>
<GenRun Id="synth_1" LaunchPart="xc7a100ticsg324-1L" LaunchTime="1527949130">
  <File Type="PA-TCL" Name="MIPSimplementacio.tcl"/>
  <File Type="RDS-PROPCONSTRS" Name="MIPSimplementacio_drc_synth.rpt"/>
  <File Type="REPORTS-TCL" Name="MIPSimplementacio_reports.tcl"/>
  <File Type="RDS-RDS" Name="MIPSimplementacio.vds"/>
  <File Type="RDS-UTIL" Name="MIPSimplementacio_utilization_synth.rpt"/>
  <File Type="RDS-UTIL-PB" Name="MIPSimplementacio_utilization_synth.pb"/>
  <File Type="RDS-DCP" Name="MIPSimplementacio.dcp"/>
  <File Type="VDS-TIMINGSUMMARY" Name="MIPSimplementacio_timing_summary_synth.rpt"/>
  <File Type="VDS-TIMING-PB" Name="MIPSimplementacio_timing_summary_synth.pb"/>
  <FileSet Name="sources" Type="DesignSrcs" RelSrcDir="$PSRCDIR/sources_1">
    <Filter Type="Srcs"/>
    <File Path="$PSRCDIR/sources_1/imports/Descargas/ALU.vhd">
      <FileInfo>
        <Attr Name="ImportPath" Val="D:/Descargas/ALU.vhd"/>
        <Attr Name="ImportTime" Val="1527689388"/>
        <Attr Name="UsedIn" Val="synthesis"/>
        <Attr Name="UsedIn" Val="simulation"/>
      </FileInfo>
    </File>
    <File Path="$PSRCDIR/sources_1/new/ALUControl.vhd">
      <FileInfo>
        <Attr Name="UsedIn" Val="synthesis"/>
        <Attr Name="UsedIn" Val="simulation"/>
      </FileInfo>
    </File>
    <File Path="$PSRCDIR/sources_1/new/BancoInstrucciones.vhd">
      <FileInfo>
        <Attr Name="UsedIn" Val="synthesis"/>
        <Attr Name="UsedIn" Val="simulation"/>
      </FileInfo>
    </File>
    <File Path="$PSRCDIR/sources_1/imports/Desktop/Detector1Moore2Processes.vhd">
      <FileInfo>
        <Attr Name="ImportPath" Val="$PPRDIR/../Detector1Moore2Processes.vhd"/>
        <Attr Name="ImportTime" Val="1526137072"/>
        <Attr Name="UsedIn" Val="synthesis"/>
        <Attr Name="UsedIn" Val="simulation"/>
      </FileInfo>
    </File>
    <File Path="$PSRCDIR/sources_1/imports/Desktop/DivisorFrecuencia.vhd">
      <FileInfo>
        <Attr Name="ImportPath" Val="$PPRDIR/../DivisorFrecuencia.vhd"/>
        <Attr Name="ImportTime" Val="1520869862"/>
        <Attr Name="UsedIn" Val="synthesis"/>
        <Attr Name="UsedIn" Val="simulation"/>
      </FileInfo>
    </File>
    <File Path="$PSRCDIR/sources_1/new/MIPS.vhd">
      <FileInfo>
        <Attr Name="UsedIn" Val="synthesis"/>
        <Attr Name="UsedIn" Val="simulation"/>
      </FileInfo>
    </File>
    <File Path="$PSRCDIR/sources_1/imports/Descargas/Memory.vhd">
      <FileInfo>
        <Attr Name="ImportPath" Val="D:/Descargas/Memory.vhd"/>
        <Attr Name="ImportTime" Val="1527072015"/>
        <Attr Name="UsedIn" Val="synthesis"/>
        <Attr Name="UsedIn" Val="simulation"/>
      </FileInfo>
    </File>
    <File Path="$PSRCDIR/sources_1/new/Registro.vhd">
      <FileInfo>
        <Attr Name="UsedIn" Val="synthesis"/>
        <Attr Name="UsedIn" Val="simulation"/>
      </FileInfo>
    </File>
    <File Path="$PSRCDIR/sources_1/new/RegistroGrande.vhd">
      <FileInfo>
        <Attr Name="UsedIn" Val="synthesis"/>
        <Attr Name="UsedIn" Val="simulation"/>
      </FileInfo>
    </File>
    <File Path="$PSRCDIR/sources_1/imports/Downloads/ShiftRegisterNbits.vhd">
      <FileInfo>
        <Attr Name="ImportPath" Val="$PPRDIR/../../Downloads/Practica4/project_4.srcs/sources_1/imports/Downloads/ShiftRegisterNbits.vhd"/>
        <Attr Name="ImportTime" Val="1526139538"/>
        <Attr Name="UsedIn" Val="synthesis"/>
        <Attr Name="UsedIn" Val="simulation"/>
      </FileInfo>
    </File>
    <File Path="$PSRCDIR/sources_1/new/VisualizadorDisplays.vhd">
      <FileInfo>
        <Attr Name="UsedIn" Val="synthesis"/>
        <Attr Name="UsedIn" Val="simulation"/>
      </FileInfo>
    </File>
    <File Path="$PSRCDIR/sources_1/new/MIPSimplementacio.vhd">
      <FileInfo>
        <Attr Name="UsedIn" Val="synthesis"/>
        <Attr Name="UsedIn" Val="simulation"/>
      </FileInfo>
    </File>
    <File Path="$PSRCDIR/sources_1/imports/Downloads/Fibonacci8.coe">
      <FileInfo>
        <Attr Name="ImportPath" Val="$PPRDIR/../../Downloads/Fibonacci8.coe"/>
        <Attr Name="ImportTime" Val="1526463693"/>
        <Attr Name="UsedIn" Val="synthesis"/>
        <Attr Name="UsedIn" Val="simulation"/>
      </FileInfo>
    </File>
    <Config>
      <Option Name="DesignMode" Val="RTL"/>
      <Option Name="TopModule" Val="MIPSimplementacio"/>
      <Option Name="TopAutoSet" Val="TRUE"/>
    </Config>
  </FileSet>
  <FileSet Name="constrs_in" Type="Constrs" RelSrcDir="$PSRCDIR/constrs_1">
    <Filter Type="Constrs"/>
    <File Path="$PSRCDIR/constrs_1/imports/Downloads/Nexys4DDR_Master.xdc">
      <FileInfo>
        <Attr Name="ImportPath" Val="$PPRDIR/../Pracitica1_2/Pracitica1_2.srcs/constrs_1/imports/Downloads/Nexys4DDR_Master.xdc"/>
        <Attr Name="ImportTime" Val="1520874618"/>
        <Attr Name="UsedIn" Val="synthesis"/>
        <Attr Name="UsedIn" Val="implementation"/>
      </FileInfo>
    </File>
    <Config>
      <Option Name="ConstrsType" Val="XDC"/>
    </Config>
  </FileSet>
  <Strategy Version="1" Minor="2">
    <StratHandle Name="Vivado Synthesis Defaults" Flow="Vivado Synthesis 2017"/>
    <Step Id="synth_design"/>
  </Strategy>
</GenRun>
