<?xml version="1.0" encoding="UTF-8"?>
<GenRun Id="impl_1" LaunchPart="xc7a100ticsg324-1L" LaunchTime="1527949202">
  <File Type="PWROPT-DCP" Name="MIPSimplementacio_pwropt.dcp"/>
  <File Type="ROUTE-PWR" Name="MIPSimplementacio_power_routed.rpt"/>
  <File Type="PA-TCL" Name="MIPSimplementacio.tcl"/>
  <File Type="ROUTE-PWR-SUM" Name="MIPSimplementacio_power_summary_routed.pb"/>
  <File Type="REPORTS-TCL" Name="MIPSimplementacio_reports.tcl"/>
  <File Type="BG-DRC" Name="MIPSimplementacio.drc"/>
  <File Type="OPT-METHODOLOGY-DRC" Name="MIPSimplementacio_methodology_drc_opted.rpt"/>
  <File Type="INIT-TIMING" Name="MIPSimplementacio_timing_summary_init.rpt"/>
  <File Type="OPT-HWDEF" Name="MIPSimplementacio.hwdef"/>
  <File Type="OPT-DCP" Name="MIPSimplementacio_opt.dcp"/>
  <File Type="OPT-DRC" Name="MIPSimplementacio_drc_opted.rpt"/>
  <File Type="OPT-TIMING" Name="MIPSimplementacio_timing_summary_opted.rpt"/>
  <File Type="PWROPT-DRC" Name="MIPSimplementacio_drc_pwropted.rpt"/>
  <File Type="PWROPT-TIMING" Name="MIPSimplementacio_timing_summary_pwropted.rpt"/>
  <File Type="PLACE-DCP" Name="MIPSimplementacio_placed.dcp"/>
  <File Type="PLACE-IO" Name="MIPSimplementacio_io_placed.rpt"/>
  <File Type="PLACE-CLK" Name="MIPSimplementacio_clock_utilization_placed.rpt"/>
  <File Type="PLACE-UTIL" Name="MIPSimplementacio_utilization_placed.rpt"/>
  <File Type="PLACE-UTIL-PB" Name="MIPSimplementacio_utilization_placed.pb"/>
  <File Type="PLACE-CTRL" Name="MIPSimplementacio_control_sets_placed.rpt"/>
  <File Type="PLACE-SIMILARITY" Name="MIPSimplementacio_incremental_reuse_placed.rpt"/>
  <File Type="PLACE-PRE-SIMILARITY" Name="MIPSimplementacio_incremental_reuse_pre_placed.rpt"/>
  <File Type="PLACE-TIMING" Name="MIPSimplementacio_timing_summary_placed.rpt"/>
  <File Type="POSTPLACE-PWROPT-DCP" Name="MIPSimplementacio_postplace_pwropt.dcp"/>
  <File Type="POSTPLACE-PWROPT-TIMING" Name="MIPSimplementacio_timing_summary_postplace_pwropted.rpt"/>
  <File Type="PHYSOPT-DCP" Name="MIPSimplementacio_physopt.dcp"/>
  <File Type="PHYSOPT-DRC" Name="MIPSimplementacio_drc_physopted.rpt"/>
  <File Type="BG-BIT" Name="MIPSimplementacio.bit"/>
  <File Type="PHYSOPT-TIMING" Name="MIPSimplementacio_timing_summary_physopted.rpt"/>
  <File Type="ROUTE-ERROR-DCP" Name="MIPSimplementacio_routed_error.dcp"/>
  <File Type="ROUTE-DCP" Name="MIPSimplementacio_routed.dcp"/>
  <File Type="ROUTE-BLACKBOX-DCP" Name="MIPSimplementacio_routed_bb.dcp"/>
  <File Type="ROUTE-DRC" Name="MIPSimplementacio_drc_routed.rpt"/>
  <File Type="ROUTE-DRC-PB" Name="MIPSimplementacio_drc_routed.pb"/>
  <File Type="BITSTR-MSK" Name="MIPSimplementacio.msk"/>
  <File Type="ROUTE-DRC-RPX" Name="MIPSimplementacio_drc_routed.rpx"/>
  <File Type="BG-BGN" Name="MIPSimplementacio.bgn"/>
  <File Type="ROUTE-METHODOLOGY-DRC" Name="MIPSimplementacio_methodology_drc_routed.rpt"/>
  <File Type="BITSTR-RBT" Name="MIPSimplementacio.rbt"/>
  <File Type="ROUTE-METHODOLOGY-DRC-RPX" Name="MIPSimplementacio_methodology_drc_routed.rpx"/>
  <File Type="BG-BIN" Name="MIPSimplementacio.bin"/>
  <File Type="ROUTE-METHODOLOGY-DRC-PB" Name="MIPSimplementacio_methodology_drc_routed.pb"/>
  <File Type="ROUTE-PWR-RPX" Name="MIPSimplementacio_power_routed.rpx"/>
  <File Type="ROUTE-STATUS" Name="MIPSimplementacio_route_status.rpt"/>
  <File Type="ROUTE-STATUS-PB" Name="MIPSimplementacio_route_status.pb"/>
  <File Type="ROUTE-TIMINGSUMMARY" Name="MIPSimplementacio_timing_summary_routed.rpt"/>
  <File Type="ROUTE-TIMING-PB" Name="MIPSimplementacio_timing_summary_routed.pb"/>
  <File Type="ROUTE-TIMING-RPX" Name="MIPSimplementacio_timing_summary_routed.rpx"/>
  <File Type="ROUTE-SIMILARITY" Name="MIPSimplementacio_incremental_reuse_routed.rpt"/>
  <File Type="RDI-RDI" Name="MIPSimplementacio.vdi"/>
  <File Type="ROUTE-CLK" Name="MIPSimplementacio_clock_utilization_routed.rpt"/>
  <File Type="POSTROUTE-PHYSOPT-DCP" Name="MIPSimplementacio_postroute_physopt.dcp"/>
  <File Type="POSTROUTE-PHYSOPT-BLACKBOX-DCP" Name="MIPSimplementacio_postroute_physopt_bb.dcp"/>
  <File Type="POSTROUTE-PHYSOPT-TIMING" Name="MIPSimplementacio_timing_summary_postroute_physopted.rpt"/>
  <File Type="POSTROUTE-PHYSOPT-TIMING-PB" Name="MIPSimplementacio_timing_summary_postroute_physopted.pb"/>
  <File Type="POSTROUTE-PHYSOPT-TIMING-RPX" Name="MIPSimplementacio_timing_summary_postroute_physopted.rpx"/>
  <File Type="BITSTR-NKY" Name="MIPSimplementacio.nky"/>
  <File Type="BITSTR-BMM" Name="MIPSimplementacio_bd.bmm"/>
  <File Type="BITSTR-MMI" Name="MIPSimplementacio.mmi"/>
  <File Type="BITSTR-LTX" Name="debug_nets.ltx"/>
  <File Type="BITSTR-LTX" Name="MIPSimplementacio.ltx"/>
  <File Type="BITSTR-SYSDEF" Name="MIPSimplementacio.sysdef"/>
  <File Type="WBT-USG" Name="usage_statistics_webtalk.html"/>
  <FileSet Name="sources" Type="DesignSrcs" RelSrcDir="$PSRCDIR/sources_1">
    <Filter Type="Srcs"/>
    <File Path="$PSRCDIR/sources_1/imports/Descargas/ALU.vhd">
      <FileInfo>
        <Attr Name="ImportPath" Val="D:/Descargas/ALU.vhd"/>
        <Attr Name="ImportTime" Val="1527689388"/>
        <Attr Name="UsedIn" Val="synthesis"/>
        <Attr Name="UsedIn" Val="simulation"/>
      </FileInfo>
    </File>
    <File Path="$PSRCDIR/sources_1/new/ALUControl.vhd">
      <FileInfo>
        <Attr Name="UsedIn" Val="synthesis"/>
        <Attr Name="UsedIn" Val="simulation"/>
      </FileInfo>
    </File>
    <File Path="$PSRCDIR/sources_1/new/BancoInstrucciones.vhd">
      <FileInfo>
        <Attr Name="UsedIn" Val="synthesis"/>
        <Attr Name="UsedIn" Val="simulation"/>
      </FileInfo>
    </File>
    <File Path="$PSRCDIR/sources_1/imports/Desktop/Detector1Moore2Processes.vhd">
      <FileInfo>
        <Attr Name="ImportPath" Val="$PPRDIR/../Detector1Moore2Processes.vhd"/>
        <Attr Name="ImportTime" Val="1526137072"/>
        <Attr Name="UsedIn" Val="synthesis"/>
        <Attr Name="UsedIn" Val="simulation"/>
      </FileInfo>
    </File>
    <File Path="$PSRCDIR/sources_1/imports/Desktop/DivisorFrecuencia.vhd">
      <FileInfo>
        <Attr Name="ImportPath" Val="$PPRDIR/../DivisorFrecuencia.vhd"/>
        <Attr Name="ImportTime" Val="1520869862"/>
        <Attr Name="UsedIn" Val="synthesis"/>
        <Attr Name="UsedIn" Val="simulation"/>
      </FileInfo>
    </File>
    <File Path="$PSRCDIR/sources_1/new/MIPS.vhd">
      <FileInfo>
        <Attr Name="UsedIn" Val="synthesis"/>
        <Attr Name="UsedIn" Val="simulation"/>
      </FileInfo>
    </File>
    <File Path="$PSRCDIR/sources_1/imports/Descargas/Memory.vhd">
      <FileInfo>
        <Attr Name="ImportPath" Val="D:/Descargas/Memory.vhd"/>
        <Attr Name="ImportTime" Val="1527072015"/>
        <Attr Name="UsedIn" Val="synthesis"/>
        <Attr Name="UsedIn" Val="simulation"/>
      </FileInfo>
    </File>
    <File Path="$PSRCDIR/sources_1/new/Registro.vhd">
      <FileInfo>
        <Attr Name="UsedIn" Val="synthesis"/>
        <Attr Name="UsedIn" Val="simulation"/>
      </FileInfo>
    </File>
    <File Path="$PSRCDIR/sources_1/new/RegistroGrande.vhd">
      <FileInfo>
        <Attr Name="UsedIn" Val="synthesis"/>
        <Attr Name="UsedIn" Val="simulation"/>
      </FileInfo>
    </File>
    <File Path="$PSRCDIR/sources_1/imports/Downloads/ShiftRegisterNbits.vhd">
      <FileInfo>
        <Attr Name="ImportPath" Val="$PPRDIR/../../Downloads/Practica4/project_4.srcs/sources_1/imports/Downloads/ShiftRegisterNbits.vhd"/>
        <Attr Name="ImportTime" Val="1526139538"/>
        <Attr Name="UsedIn" Val="synthesis"/>
        <Attr Name="UsedIn" Val="simulation"/>
      </FileInfo>
    </File>
    <File Path="$PSRCDIR/sources_1/new/VisualizadorDisplays.vhd">
      <FileInfo>
        <Attr Name="UsedIn" Val="synthesis"/>
        <Attr Name="UsedIn" Val="simulation"/>
      </FileInfo>
    </File>
    <File Path="$PSRCDIR/sources_1/new/MIPSimplementacio.vhd">
      <FileInfo>
        <Attr Name="UsedIn" Val="synthesis"/>
        <Attr Name="UsedIn" Val="simulation"/>
      </FileInfo>
    </File>
    <File Path="$PSRCDIR/sources_1/imports/Downloads/Fibonacci8.coe">
      <FileInfo>
        <Attr Name="ImportPath" Val="$PPRDIR/../../Downloads/Fibonacci8.coe"/>
        <Attr Name="ImportTime" Val="1526463693"/>
        <Attr Name="UsedIn" Val="synthesis"/>
        <Attr Name="UsedIn" Val="simulation"/>
      </FileInfo>
    </File>
    <Config>
      <Option Name="DesignMode" Val="RTL"/>
      <Option Name="TopModule" Val="MIPSimplementacio"/>
      <Option Name="TopAutoSet" Val="TRUE"/>
    </Config>
  </FileSet>
  <FileSet Name="constrs_in" Type="Constrs" RelSrcDir="$PSRCDIR/constrs_1">
    <Filter Type="Constrs"/>
    <File Path="$PSRCDIR/constrs_1/imports/Downloads/Nexys4DDR_Master.xdc">
      <FileInfo>
        <Attr Name="ImportPath" Val="$PPRDIR/../Pracitica1_2/Pracitica1_2.srcs/constrs_1/imports/Downloads/Nexys4DDR_Master.xdc"/>
        <Attr Name="ImportTime" Val="1520874618"/>
        <Attr Name="UsedIn" Val="synthesis"/>
        <Attr Name="UsedIn" Val="implementation"/>
      </FileInfo>
    </File>
    <Config>
      <Option Name="ConstrsType" Val="XDC"/>
    </Config>
  </FileSet>
  <Strategy Version="1" Minor="2">
    <StratHandle Name="Vivado Implementation Defaults" Flow="Vivado Implementation 2017"/>
    <Step Id="init_design"/>
    <Step Id="opt_design"/>
    <Step Id="power_opt_design"/>
    <Step Id="place_design"/>
    <Step Id="post_place_power_opt_design"/>
    <Step Id="phys_opt_design"/>
    <Step Id="route_design"/>
    <Step Id="post_route_phys_opt_design"/>
    <Step Id="write_bitstream"/>
  </Strategy>
</GenRun>
