<?xml version="1.0" encoding="UTF-8"?>
<GenRun Id="impl_1" LaunchPart="xc7a100tcsg324-1" LaunchTime="1521023833">
  <File Type="PWROPT-DCP" Name="VisualizadorN_pwropt.dcp"/>
  <File Type="ROUTE-PWR" Name="VisualizadorN_power_routed.rpt"/>
  <File Type="PA-TCL" Name="VisualizadorN.tcl"/>
  <File Type="ROUTE-PWR-SUM" Name="VisualizadorN_power_summary_routed.pb"/>
  <File Type="REPORTS-TCL" Name="VisualizadorN_reports.tcl"/>
  <File Type="BG-DRC" Name="VisualizadorN.drc"/>
  <File Type="OPT-METHODOLOGY-DRC" Name="VisualizadorN_methodology_drc_opted.rpt"/>
  <File Type="INIT-TIMING" Name="VisualizadorN_timing_summary_init.rpt"/>
  <File Type="OPT-HWDEF" Name="VisualizadorN.hwdef"/>
  <File Type="OPT-DCP" Name="VisualizadorN_opt.dcp"/>
  <File Type="OPT-DRC" Name="VisualizadorN_drc_opted.rpt"/>
  <File Type="OPT-TIMING" Name="VisualizadorN_timing_summary_opted.rpt"/>
  <File Type="PWROPT-DRC" Name="VisualizadorN_drc_pwropted.rpt"/>
  <File Type="PWROPT-TIMING" Name="VisualizadorN_timing_summary_pwropted.rpt"/>
  <File Type="PLACE-DCP" Name="VisualizadorN_placed.dcp"/>
  <File Type="PLACE-IO" Name="VisualizadorN_io_placed.rpt"/>
  <File Type="PLACE-CLK" Name="VisualizadorN_clock_utilization_placed.rpt"/>
  <File Type="PLACE-UTIL" Name="VisualizadorN_utilization_placed.rpt"/>
  <File Type="PLACE-UTIL-PB" Name="VisualizadorN_utilization_placed.pb"/>
  <File Type="PLACE-CTRL" Name="VisualizadorN_control_sets_placed.rpt"/>
  <File Type="PLACE-SIMILARITY" Name="VisualizadorN_incremental_reuse_placed.rpt"/>
  <File Type="PLACE-PRE-SIMILARITY" Name="VisualizadorN_incremental_reuse_pre_placed.rpt"/>
  <File Type="PLACE-TIMING" Name="VisualizadorN_timing_summary_placed.rpt"/>
  <File Type="POSTPLACE-PWROPT-DCP" Name="VisualizadorN_postplace_pwropt.dcp"/>
  <File Type="POSTPLACE-PWROPT-TIMING" Name="VisualizadorN_timing_summary_postplace_pwropted.rpt"/>
  <File Type="PHYSOPT-DCP" Name="VisualizadorN_physopt.dcp"/>
  <File Type="PHYSOPT-DRC" Name="VisualizadorN_drc_physopted.rpt"/>
  <File Type="BG-BIT" Name="VisualizadorN.bit"/>
  <File Type="PHYSOPT-TIMING" Name="VisualizadorN_timing_summary_physopted.rpt"/>
  <File Type="ROUTE-ERROR-DCP" Name="VisualizadorN_routed_error.dcp"/>
  <File Type="ROUTE-DCP" Name="VisualizadorN_routed.dcp"/>
  <File Type="ROUTE-BLACKBOX-DCP" Name="VisualizadorN_routed_bb.dcp"/>
  <File Type="ROUTE-DRC" Name="VisualizadorN_drc_routed.rpt"/>
  <File Type="ROUTE-DRC-PB" Name="VisualizadorN_drc_routed.pb"/>
  <File Type="BITSTR-MSK" Name="VisualizadorN.msk"/>
  <File Type="ROUTE-DRC-RPX" Name="VisualizadorN_drc_routed.rpx"/>
  <File Type="BG-BGN" Name="VisualizadorN.bgn"/>
  <File Type="ROUTE-METHODOLOGY-DRC" Name="VisualizadorN_methodology_drc_routed.rpt"/>
  <File Type="BITSTR-RBT" Name="VisualizadorN.rbt"/>
  <File Type="ROUTE-METHODOLOGY-DRC-RPX" Name="VisualizadorN_methodology_drc_routed.rpx"/>
  <File Type="BG-BIN" Name="VisualizadorN.bin"/>
  <File Type="ROUTE-METHODOLOGY-DRC-PB" Name="VisualizadorN_methodology_drc_routed.pb"/>
  <File Type="ROUTE-PWR-RPX" Name="VisualizadorN_power_routed.rpx"/>
  <File Type="ROUTE-STATUS" Name="VisualizadorN_route_status.rpt"/>
  <File Type="ROUTE-STATUS-PB" Name="VisualizadorN_route_status.pb"/>
  <File Type="ROUTE-TIMINGSUMMARY" Name="VisualizadorN_timing_summary_routed.rpt"/>
  <File Type="ROUTE-TIMING-PB" Name="VisualizadorN_timing_summary_routed.pb"/>
  <File Type="ROUTE-TIMING-RPX" Name="VisualizadorN_timing_summary_routed.rpx"/>
  <File Type="ROUTE-SIMILARITY" Name="VisualizadorN_incremental_reuse_routed.rpt"/>
  <File Type="RDI-RDI" Name="VisualizadorN.vdi"/>
  <File Type="ROUTE-CLK" Name="VisualizadorN_clock_utilization_routed.rpt"/>
  <File Type="POSTROUTE-PHYSOPT-DCP" Name="VisualizadorN_postroute_physopt.dcp"/>
  <File Type="POSTROUTE-PHYSOPT-BLACKBOX-DCP" Name="VisualizadorN_postroute_physopt_bb.dcp"/>
  <File Type="POSTROUTE-PHYSOPT-TIMING" Name="VisualizadorN_timing_summary_postroute_physopted.rpt"/>
  <File Type="POSTROUTE-PHYSOPT-TIMING-PB" Name="VisualizadorN_timing_summary_postroute_physopted.pb"/>
  <File Type="POSTROUTE-PHYSOPT-TIMING-RPX" Name="VisualizadorN_timing_summary_postroute_physopted.rpx"/>
  <File Type="BITSTR-NKY" Name="VisualizadorN.nky"/>
  <File Type="BITSTR-BMM" Name="VisualizadorN_bd.bmm"/>
  <File Type="BITSTR-MMI" Name="VisualizadorN.mmi"/>
  <File Type="BITSTR-LTX" Name="debug_nets.ltx"/>
  <File Type="BITSTR-LTX" Name="VisualizadorN.ltx"/>
  <File Type="BITSTR-SYSDEF" Name="VisualizadorN.sysdef"/>
  <File Type="WBT-USG" Name="usage_statistics_webtalk.html"/>
  <FileSet Name="sources" Type="DesignSrcs" RelSrcDir="$PSRCDIR/sources_1">
    <Filter Type="Srcs"/>
    <File Path="$PSRCDIR/sources_1/new/ControladorVisualizacion.vhd">
      <FileInfo>
        <Attr Name="UsedIn" Val="synthesis"/>
        <Attr Name="UsedIn" Val="simulation"/>
      </FileInfo>
    </File>
    <File Path="$PSRCDIR/sources_1/new/DivisorFrecuencia.vhd">
      <FileInfo>
        <Attr Name="UsedIn" Val="synthesis"/>
        <Attr Name="UsedIn" Val="simulation"/>
      </FileInfo>
    </File>
    <File Path="$PSRCDIR/sources_1/new/FullAdder.vhd">
      <FileInfo>
        <Attr Name="UsedIn" Val="synthesis"/>
        <Attr Name="UsedIn" Val="simulation"/>
      </FileInfo>
    </File>
    <File Path="$PSRCDIR/sources_1/new/FullAdderNbits.vhd">
      <FileInfo>
        <Attr Name="UsedIn" Val="synthesis"/>
        <Attr Name="UsedIn" Val="simulation"/>
      </FileInfo>
    </File>
    <File Path="$PSRCDIR/sources_1/new/HalfAdder.vhd">
      <FileInfo>
        <Attr Name="UsedIn" Val="synthesis"/>
        <Attr Name="UsedIn" Val="simulation"/>
      </FileInfo>
    </File>
    <File Path="$PSRCDIR/sources_1/new/Visualizador.vhd">
      <FileInfo>
        <Attr Name="UsedIn" Val="synthesis"/>
        <Attr Name="UsedIn" Val="simulation"/>
      </FileInfo>
    </File>
    <File Path="$PSRCDIR/sources_1/imports/Moore - 3 procesos/Detector1Moore3Processes.vhd">
      <FileInfo>
        <Attr Name="AutoDisabled" Val="1"/>
        <Attr Name="ImportPath" Val="$PPRDIR/../Ejemplos VHDL/Detector de tres 1s consecutivos/Moore - 3 procesos/Detector1Moore3Processes.vhd"/>
        <Attr Name="ImportTime" Val="1520708040"/>
        <Attr Name="UsedIn" Val="synthesis"/>
        <Attr Name="UsedIn" Val="simulation"/>
      </FileInfo>
    </File>
    <Config>
      <Option Name="DesignMode" Val="RTL"/>
      <Option Name="TopModule" Val="VisualizadorN"/>
      <Option Name="TopAutoSet" Val="TRUE"/>
    </Config>
  </FileSet>
  <FileSet Name="constrs_in" Type="Constrs" RelSrcDir="$PSRCDIR/constrs_1">
    <Filter Type="Constrs"/>
    <File Path="$PSRCDIR/constrs_1/imports/Downloads/Nexys4DDR_Master.xdc">
      <FileInfo>
        <Attr Name="ImportPath" Val="$PPRDIR/../../../../../../Downloads/Nexys4DDR_Master.xdc"/>
        <Attr Name="ImportTime" Val="1520775386"/>
        <Attr Name="UsedIn" Val="synthesis"/>
        <Attr Name="UsedIn" Val="implementation"/>
      </FileInfo>
    </File>
    <Config>
      <Option Name="ConstrsType" Val="XDC"/>
    </Config>
  </FileSet>
  <Strategy Version="1" Minor="2">
    <StratHandle Name="Vivado Implementation Defaults" Flow="Vivado Implementation 2017"/>
    <Step Id="init_design"/>
    <Step Id="opt_design"/>
    <Step Id="power_opt_design"/>
    <Step Id="place_design"/>
    <Step Id="post_place_power_opt_design"/>
    <Step Id="phys_opt_design"/>
    <Step Id="route_design"/>
    <Step Id="post_route_phys_opt_design"/>
    <Step Id="write_bitstream"/>
  </Strategy>
</GenRun>
